"year","policy_rate"
2016,0.5
2017,0.698076923076923
2018,1.40421455938697
2019,1.75
2020,0.556513409961686
2021,0.25
2022,1.9296875
2023,4.74324324324324
2024,4.54693486590038
